{"IcoMoonType":"selection","icons":[{"icon":{"paths":["M925.714 233.143c-25.143 36.571-56.571 69.143-92.571 95.429 0.571 8 0.571 16 0.571 24 0 244-185.714 525.143-525.143 525.143-104.571 0-201.714-30.286-283.429-82.857 14.857 1.714 29.143 2.286 44.571 2.286 86.286 0 165.714-29.143 229.143-78.857-81.143-1.714-149.143-54.857-172.571-128 11.429 1.714 22.857 2.857 34.857 2.857 16.571 0 33.143-2.286 48.571-6.286-84.571-17.143-148-91.429-148-181.143v-2.286c24.571 13.714 53.143 22.286 83.429 23.429-49.714-33.143-82.286-89.714-82.286-153.714 0-34.286 9.143-65.714 25.143-93.143 90.857 112 227.429 185.143 380.571 193.143-2.857-13.714-4.571-28-4.571-42.286 0-101.714 82.286-184.571 184.571-184.571 53.143 0 101.143 22.286 134.857 58.286 41.714-8 81.714-23.429 117.143-44.571-13.714 42.857-42.857 78.857-81.143 101.714 37.143-4 73.143-14.286 106.286-28.571z"],"width":950.8571428571428,"attrs":[],"isMulticolor":false,"isMulticolor2":false,"tags":["twitter"],"defaultCode":61593,"grid":14},"attrs":[],"properties":{"name":"twitter","id":145,"order":11,"prevSize":28,"code":61593},"setIdx":0,"setId":7,"iconIdx":145},{"icon":{"paths":["M548 6.857v150.857h-89.714c-70.286 0-83.429 33.714-83.429 82.286v108h167.429l-22.286 169.143h-145.143v433.714h-174.857v-433.714h-145.714v-169.143h145.714v-124.571c0-144.571 88.571-223.429 217.714-223.429 61.714 0 114.857 4.571 130.286 6.857z"],"width":602.2582857142856,"attrs":[],"isMulticolor":false,"isMulticolor2":false,"tags":["facebook","facebook-f"],"defaultCode":61594,"grid":14},"attrs":[],"properties":{"name":"facebook, facebook-f","id":146,"order":10,"prevSize":28,"code":61594},"setIdx":0,"setId":7,"iconIdx":146},{"icon":{"paths":["M406.286 644.571l276.571-142.857-276.571-144.571v287.429zM512 152c215.429 0 358.286 10.286 358.286 10.286 20 2.286 64 2.286 102.857 43.429 0 0 31.429 30.857 40.571 101.714 10.857 82.857 10.286 165.714 10.286 165.714v77.714s0.571 82.857-10.286 165.714c-9.143 70.286-40.571 101.714-40.571 101.714-38.857 40.571-82.857 40.571-102.857 42.857 0 0-142.857 10.857-358.286 10.857v0c-266.286-2.286-348-10.286-348-10.286-22.857-4-74.286-2.857-113.143-43.429 0 0-31.429-31.429-40.571-101.714-10.857-82.857-10.286-165.714-10.286-165.714v-77.714s-0.571-82.857 10.286-165.714c9.143-70.857 40.571-101.714 40.571-101.714 38.857-41.143 82.857-41.143 102.857-43.429 0 0 142.857-10.286 358.286-10.286v0z"],"width":1024,"attrs":[],"isMulticolor":false,"isMulticolor2":false,"tags":["youtube-play"],"defaultCode":61802,"grid":14},"attrs":[],"properties":{"name":"youtube-play","id":326,"order":12,"prevSize":28,"code":61802},"setIdx":0,"setId":7,"iconIdx":326},{"icon":{"paths":["M713.143 73.143c90.857 0 164.571 73.714 164.571 164.571v548.571c0 90.857-73.714 164.571-164.571 164.571h-548.571c-90.857 0-164.571-73.714-164.571-164.571v-548.571c0-90.857 73.714-164.571 164.571-164.571h548.571zM285.143 282.857h-212v449.714h218.286c81.714 0 158.286-38.857 158.286-130.286 0-56.571-26.857-98.286-81.714-114.286 40-19.429 61.143-48.571 61.143-93.714 0-89.714-66.857-111.429-144-111.429zM272.571 464.571h-100.571v-105.143h93.143c35.429 0 68 9.714 68 51.429 0 38.286-25.143 53.714-60.571 53.714zM277.714 656h-105.714v-124h108c43.429 0 70.857 18.857 70.857 64.571s-32.571 59.429-73.143 59.429zM649.143 674.286c-52.571 0-80-30.857-80-82.857h234.857c0.571-5.714 0.571-11.429 0.571-17.143 0-96-56.571-176.571-158.857-176.571-98.857 0-166.857 74.857-166.857 172.571 0 101.714 64 170.857 166.857 170.857 78.286 0 128.571-34.857 152.571-109.143h-78.857c-8.571 27.429-43.429 42.286-70.286 42.286zM643.429 465.143c44.571 0 66.857 26.857 70.857 69.714h-145.143c2.857-42.857 31.429-69.714 74.286-69.714zM550.857 313.143h182.286v44h-182.286v-44z"],"width":877.7142857142857,"attrs":[],"isMulticolor":false,"isMulticolor2":false,"tags":["behance-square"],"defaultCode":61877,"grid":14},"attrs":[],"properties":{"name":"behance-square","id":396,"order":13,"prevSize":28,"code":61877},"setIdx":0,"setId":7,"iconIdx":396},{"icon":{"paths":["M0 341.143c0-210.857 193.143-341.143 388.571-341.143 179.429 0 342.857 123.429 342.857 312.571 0 177.714-90.857 374.857-293.143 374.857-48 0-108.571-24-132-68.571-43.429 172-40 197.714-136 329.143l-8 2.857-5.143-5.714c-3.429-36-8.571-71.429-8.571-107.429 0-116.571 53.714-285.143 80-398.286-14.286-29.143-18.286-64.571-18.286-96.571 0-57.714 40-130.857 105.143-130.857 48 0 73.714 36.571 73.714 81.714 0 74.286-50.286 144-50.286 216 0 49.143 40.571 83.429 88 83.429 131.429 0 172-189.714 172-290.857 0-135.429-96-209.143-225.714-209.143-150.857 0-267.429 108.571-267.429 261.714 0 73.714 45.143 111.429 45.143 129.143 0 14.857-10.857 67.429-29.714 67.429-2.857 0-6.857-1.143-9.714-1.714-81.714-24.571-111.429-133.714-111.429-208.571z"],"width":731.4285714285713,"attrs":[],"isMulticolor":false,"isMulticolor2":false,"tags":["pinterest-p"],"defaultCode":62001,"grid":14},"attrs":[],"properties":{"name":"pinterest-p","id":510,"order":15,"prevSize":28,"code":62001},"setIdx":0,"setId":7,"iconIdx":510},{"icon":{"paths":["M950.667 471.609l-341.344-341.134c-22.263-22.261-58.34-22.261-80.631 0-22.26 22.251-22.26 58.327 0 80.59l244.206 244.048h-659.342c-31.438 0-56.924 25.474-56.924 56.882 0 31.42 25.486 56.894 56.924 56.894h659.333l-244.194 244.048c-22.261 22.26-22.261 58.336 0.030 80.59 22.26 22.26 58.368 22.26 80.629 0l341.316-341.138c11.173-11.147 16.729-25.762 16.704-40.372 0.021-14.615-5.534-29.248-16.708-40.409z"],"attrs":[{}],"isMulticolor":false,"isMulticolor2":false,"tags":["forward"],"grid":18},"attrs":[{}],"properties":{"id":6,"order":3,"prevSize":18,"code":59648,"name":"forward"},"setIdx":2,"setId":5,"iconIdx":5},{"icon":{"paths":["M711.219 891.802c13.722 13.926 13.722 36.301 0 50.125s-35.891 13.875-49.613 0l-400.896-404.89c-13.722-13.824-13.722-36.198 0-50.125l400.896-404.89c13.722-13.824 35.891-13.824 49.613 0 13.722 13.875 13.722 36.301 0 50.125l-365.619 379.853 365.619 379.802z"],"attrs":[],"isMulticolor":false,"isMulticolor2":false,"tags":["chevron-thin-left"],"grid":20},"attrs":[],"properties":{"id":42,"order":18,"prevSize":20,"code":59650,"name":"chevron-thin-left"},"setIdx":4,"setId":3,"iconIdx":41},{"icon":{"paths":["M678.4 512l-365.619-379.904c-13.722-13.824-13.722-36.198 0-50.125 13.722-13.824 35.891-13.824 49.613 0l400.896 404.89c13.722 13.875 13.722 36.301 0 50.125l-400.896 404.89c-13.722 13.875-35.891 13.824-49.613 0-13.722-13.773-13.722-36.198 0-50.125l365.619-379.75z"],"attrs":[],"isMulticolor":false,"isMulticolor2":false,"tags":["chevron-thin-right"],"grid":20},"attrs":[],"properties":{"id":43,"order":19,"prevSize":20,"code":59651,"name":"chevron-thin-right"},"setIdx":4,"setId":3,"iconIdx":42},{"icon":{"paths":["M828.006 460.8l-310.835-310.835 72.397-72.397 434.432 434.432-434.432 434.432-72.397-72.397 310.835-310.835h-828.006v-102.4z"],"attrs":[],"isMulticolor":false,"isMulticolor2":false,"tags":["arrow-thin-right"],"grid":20},"attrs":[],"properties":{"id":26,"order":2,"prevSize":20,"code":59649,"name":"arrow-thin-right"},"setIdx":5,"setId":2,"iconIdx":25},{"icon":{"paths":["M225 448c123.712 0 224 100.29 224 224 0 123.712-100.288 224-224 224s-224-100.288-224-224l-1-32c0-247.424 200.576-448 448-448v128c-85.474 0-165.834 33.286-226.274 93.726-11.634 11.636-22.252 24.016-31.83 37.020 11.438-1.8 23.16-2.746 35.104-2.746zM801 448c123.71 0 224 100.29 224 224 0 123.712-100.29 224-224 224s-224-100.288-224-224l-1-32c0-247.424 200.576-448 448-448v128c-85.474 0-165.834 33.286-226.274 93.726-11.636 11.636-22.254 24.016-31.832 37.020 11.44-1.8 23.16-2.746 35.106-2.746z"],"tags":["quotes-left","ldquo"],"defaultCode":59767,"grid":16,"attrs":[]},"attrs":[],"properties":{"ligatures":"quotes-left, ldquo","name":"quotes-left","order":16,"id":120,"prevSize":32,"code":59767},"setIdx":6,"setId":1,